,Upside Capture,Downside Capture,Capture Ratio
Portfolio,0.7836401668558634,0.763232119462475,1.026738978710384
