,Beta vs Benchmark,Correlation vs Benchmark,Annualized Active Return,Tracking Error,Information Ratio
Portfolio,0.738253382074968,0.9465209381404966,-0.015782040401103287,0.06965406559983822,-0.22657744763630772
