,Conservative,Balanced,Aggressive
Market Crash,-0.030000000000000006,-0.14,-0.195
Tech Sell-Off,-0.040999999999999995,-0.142,-0.1925
Rate Shock,-0.136,-0.10700000000000001,-0.09250000000000001
Inflation Shock,-0.058,-0.058,-0.057999999999999996
