,Worst 30-Day Return,Worst 60-Day Return
Conservative,-0.1256394869440527,-0.153783773469523
Balanced,-0.18863743810983102,-0.1740793569868958
Aggressive,-0.2610835498777412,-0.22049215321277327
